{"cameraMode":{"drawMode":0,"name":"Shaded","section":"Shading Mode"},"sceneLighting":true,"audioPlay":false,"sceneViewState":{"m_AlwaysRefresh":false,"showFog":true,"showSkybox":true,"showFlares":true,"showImageEffects":true,"showParticleSystems":true,"showVisualEffectGraphs":true,"m_FxEnabled":true},"in2DMode":false,"pivot":{"x":5.545893669128418,"y":1.5802661180496216,"z":0.0007177767110988498},"rotation":{"x":-0.03188152238726616,"y":-0.8560456037521362,"z":0.052925705909729007,"w":-0.5135483741760254},"size":5.835165977478027,"orthographic":false}